2025-07-21T21:35:25.678424+02:00,TSLA,329.26
2025-07-21T21:35:26.59589+02:00,GOOGL,190.1
2025-07-21T21:35:27.514184+02:00,GOOGL,190.1
2025-07-21T21:35:28.43218+02:00,AAPL,212.71
2025-07-21T21:35:29.350844+02:00,AAPL,212.71
2025-07-21T21:35:32.115822+02:00,GOOGL,190.11
2025-07-21T21:35:33.034353+02:00,GOOGL,190.11
2025-07-21T21:35:34.874149+02:00,GOOGL,190.1
2025-07-21T21:35:35.794506+02:00,GOOGL,190.08
2025-07-21T21:35:36.715759+02:00,AAPL,212.7
2025-07-21T21:35:38.556866+02:00,GOOGL,190.05
2025-07-21T21:35:39.484232+02:00,GOOGL,190.055
2025-07-21T21:35:40.418074+02:00,AAPL,212.715
2025-07-21T21:35:42.279127+02:00,GOOGL,190.04
2025-07-21T21:35:44.13659+02:00,TSLA,329.44
2025-07-21T21:35:47.76925+02:00,GOOGL,190.04
2025-07-21T21:35:49.625985+02:00,GOOGL,190.05
2025-07-21T21:35:50.552495+02:00,GOOGL,190.07
2025-07-21T21:35:51.478446+02:00,GOOGL,190.06
2025-07-21T21:35:52.4041+02:00,TSLA,329.47
2025-07-21T21:35:54.262256+02:00,AAPL,212.69
2025-07-21T21:35:55.193299+02:00,AAPL,212.68
2025-07-21T21:35:56.119105+02:00,GOOGL,190.065
2025-07-21T21:35:57.0443+02:00,AAPL,212.69
2025-07-21T21:35:57.978422+02:00,GOOGL,190.07
2025-07-21T21:35:58.897539+02:00,TSLA,329.44
2025-07-21T21:35:59.973194+02:00,GOOGL,190.06
2025-07-21T21:36:00.910658+02:00,GOOGL,190.055
2025-07-21T21:36:01.829396+02:00,AAPL,212.69
2025-07-21T21:36:03.671927+02:00,TSLA,329.37
2025-07-21T21:36:04.584631+02:00,GOOGL,190.05
2025-07-21T21:36:05.503806+02:00,GOOGL,190.04
2025-07-21T21:36:06.42342+02:00,TSLA,329.31
2025-07-21T21:36:08.272162+02:00,GOOGL,190.05
2025-07-21T21:36:09.202092+02:00,AAPL,212.69
2025-07-21T21:36:11.964916+02:00,AAPL,212.69
2025-07-21T21:36:14.731943+02:00,GOOGL,190.01
2025-07-21T21:36:15.657107+02:00,TSLA,329.33
2025-07-21T21:36:16.58646+02:00,TSLA,329.35
2025-07-21T21:36:17.512808+02:00,GOOGL,190.03
2025-07-21T21:36:18.439378+02:00,AAPL,212.695
2025-07-21T21:36:19.367991+02:00,AAPL,212.7
2025-07-21T21:36:23.017518+02:00,AAPL,212.7
2025-07-21T21:36:25.791697+02:00,GOOGL,190.04
2025-07-21T21:36:26.715818+02:00,GOOGL,190.05
2025-07-21T21:36:28.642308+02:00,GOOGL,190.04
2025-07-21T21:36:29.565607+02:00,GOOGL,190.02
2025-07-21T21:36:30.48966+02:00,TSLA,329.2
2025-07-21T21:36:31.414487+02:00,AAPL,212.67
2025-07-21T21:36:33.249833+02:00,GOOGL,190.03
2025-07-21T21:36:34.172207+02:00,AAPL,212.66
2025-07-21T21:36:35.08499+02:00,TSLA,329.15
2025-07-21T21:36:36.002691+02:00,GOOGL,190.03
2025-07-21T21:36:36.916203+02:00,TSLA,329.13
2025-07-21T21:36:38.743187+02:00,GOOGL,190.025
2025-07-21T21:36:40.574016+02:00,TSLA,329.115
2025-07-21T21:36:41.502171+02:00,TSLA,329.075
2025-07-21T21:36:42.435231+02:00,GOOGL,190.06
2025-07-21T21:36:44.277778+02:00,AAPL,212.65
2025-07-21T21:36:45.199102+02:00,TSLA,329.08
2025-07-21T21:36:47.051489+02:00,AAPL,212.665
2025-07-21T21:36:47.973107+02:00,GOOGL,190.06
2025-07-21T21:36:48.897486+02:00,AAPL,212.66
2025-07-21T21:36:49.824753+02:00,GOOGL,190.08
2025-07-21T21:36:50.759464+02:00,GOOGL,190.08
2025-07-21T21:36:51.677448+02:00,GOOGL,190.065
2025-07-21T21:36:52.604456+02:00,GOOGL,190.06
2025-07-21T21:36:53.53007+02:00,GOOGL,190.04
2025-07-21T21:36:54.454782+02:00,TSLA,329.13
2025-07-21T21:36:58.156635+02:00,AAPL,212.67
2025-07-21T21:36:59.089589+02:00,GOOGL,190.06
2025-07-21T21:37:00.023656+02:00,GOOGL,190.07
2025-07-21T21:37:00.957378+02:00,GOOGL,190.025
2025-07-21T21:37:01.887693+02:00,GOOGL,190.01
2025-07-21T21:37:02.816498+02:00,GOOGL,190.03
2025-07-21T21:37:03.767058+02:00,AAPL,212.66
2025-07-21T21:37:04.693804+02:00,TSLA,329.07
2025-07-21T21:37:06.557764+02:00,TSLA,329.04
2025-07-21T21:37:09.28987+02:00,GOOGL,190.04
2025-07-21T21:37:10.189921+02:00,AAPL,212.68
2025-07-21T21:37:11.090769+02:00,AAPL,212.67
2025-07-21T21:37:11.990584+02:00,GOOGL,190.07
2025-07-21T21:37:12.892244+02:00,AAPL,212.67
2025-07-21T21:37:13.791661+02:00,GOOGL,190.05
2025-07-21T21:37:14.692079+02:00,GOOGL,190.035
2025-07-21T21:37:17.455938+02:00,GOOGL,190.025
2025-07-21T21:37:18.379722+02:00,GOOGL,189.98
2025-07-21T21:37:19.304844+02:00,TSLA,329.08
2025-07-21T21:37:20.229175+02:00,AAPL,212.66
2025-07-21T21:37:22.080277+02:00,TSLA,329.01
2025-07-21T21:37:23.004968+02:00,AAPL,212.64
2025-07-21T21:37:24.862402+02:00,GOOGL,190.01
2025-07-21T21:37:25.791771+02:00,AAPL,212.63
2025-07-21T21:37:26.721382+02:00,AAPL,212.64
2025-07-21T21:37:27.65056+02:00,GOOGL,190.04
2025-07-21T21:37:28.579283+02:00,AAPL,212.66
2025-07-21T21:37:29.508342+02:00,GOOGL,190.05
2025-07-21T21:37:33.239827+02:00,TSLA,329.07
2025-07-21T21:37:34.173064+02:00,GOOGL,190.07
2025-07-21T21:37:35.111163+02:00,GOOGL,190.08
2025-07-21T21:37:36.987398+02:00,TSLA,329.15
2025-07-21T21:37:37.925107+02:00,GOOGL,190.1
2025-07-21T21:37:38.863509+02:00,GOOGL,190.11
2025-07-21T21:37:39.803875+02:00,GOOGL,190.11
2025-07-21T21:37:40.741954+02:00,GOOGL,190.13
2025-07-21T21:37:41.680271+02:00,AAPL,212.68
2025-07-21T21:37:44.392797+02:00,GOOGL,190.13
2025-07-21T21:37:46.194222+02:00,GOOGL,190.13
2025-07-21T21:37:47.995072+02:00,AAPL,212.67
2025-07-21T21:37:50.709785+02:00,GOOGL,190.13
2025-07-21T21:37:52.537309+02:00,TSLA,329.22
2025-07-21T21:37:53.456153+02:00,TSLA,329.2
2025-07-21T21:37:55.278141+02:00,GOOGL,190.12
2025-07-21T21:37:57.106277+02:00,TSLA,329.18
2025-07-21T21:37:58.022578+02:00,TSLA,329.14
2025-07-21T21:37:58.955301+02:00,GOOGL,190.12
2025-07-21T21:37:59.886692+02:00,TSLA,329.15
2025-07-21T21:38:01.752094+02:00,TSLA,329.15
2025-07-21T21:38:03.617971+02:00,TSLA,329.095
2025-07-21T21:38:04.548557+02:00,AAPL,212.695
2025-07-21T21:38:12.074066+02:00,GOOGL,190.16
2025-07-21T21:38:13.026215+02:00,GOOGL,190.17
2025-07-21T21:38:14.933435+02:00,GOOGL,190.19
2025-07-21T21:38:15.888356+02:00,GOOGL,190.18
2025-07-21T21:38:18.638625+02:00,AAPL,212.69
2025-07-21T21:38:19.538969+02:00,GOOGL,190.12
2025-07-21T21:38:21.340452+02:00,GOOGL,190.13
2025-07-21T21:38:22.240527+02:00,GOOGL,190.13
2025-07-21T21:38:23.144104+02:00,GOOGL,190.13
2025-07-21T21:38:24.942193+02:00,GOOGL,190.12
2025-07-21T21:38:25.842205+02:00,TSLA,329.17
2025-07-21T21:38:26.743195+02:00,TSLA,329.14
2025-07-21T21:38:27.643957+02:00,GOOGL,190.08
2025-07-21T21:38:28.544846+02:00,GOOGL,190.07
2025-07-21T21:38:29.445387+02:00,GOOGL,190.08
2025-07-21T21:38:30.345845+02:00,AAPL,212.7
2025-07-21T21:38:31.246078+02:00,GOOGL,190.09
2025-07-21T21:38:33.058746+02:00,GOOGL,190.1
2025-07-21T21:38:34.919458+02:00,TSLA,329.15
2025-07-21T21:38:35.849735+02:00,GOOGL,190.11
2025-07-21T21:38:36.781381+02:00,GOOGL,190.11
2025-07-21T21:38:37.711453+02:00,AAPL,212.69
2025-07-21T21:38:38.642473+02:00,GOOGL,190.15
2025-07-21T21:38:39.573514+02:00,GOOGL,190.17
2025-07-21T21:38:44.243894+02:00,GOOGL,190.155
2025-07-21T21:38:45.206061+02:00,TSLA,329.14
2025-07-21T21:38:46.167992+02:00,TSLA,329.13
2025-07-21T21:38:48.090366+02:00,GOOGL,190.15
2025-07-21T21:38:50.014645+02:00,GOOGL,190.14
2025-07-21T21:38:50.963611+02:00,AAPL,212.69
2025-07-21T21:38:51.894057+02:00,GOOGL,190.15
2025-07-21T21:38:52.815943+02:00,TSLA,329.2
2025-07-21T21:38:53.740628+02:00,AAPL,212.7
2025-07-21T21:38:55.591144+02:00,TSLA,329.22
2025-07-21T21:38:57.441419+02:00,AAPL,212.7
2025-07-21T21:38:58.36581+02:00,AAPL,212.7
2025-07-21T21:38:59.291428+02:00,GOOGL,190.16
2025-07-21T21:39:00.198396+02:00,TSLA,329.24
2025-07-21T21:39:01.099315+02:00,GOOGL,190.15
2025-07-21T21:39:02.899749+02:00,GOOGL,190.16
2025-07-21T21:39:03.800349+02:00,TSLA,329.17
2025-07-21T21:39:04.7004+02:00,TSLA,329.19
2025-07-21T21:39:06.500383+02:00,GOOGL,190.2
2025-07-21T21:39:07.401336+02:00,TSLA,329.14
2025-07-21T21:39:09.253042+02:00,TSLA,329.16
2025-07-21T21:39:10.181974+02:00,AAPL,212.68
2025-07-21T21:39:11.110843+02:00,TSLA,329.16
2025-07-21T21:39:12.039401+02:00,GOOGL,190.195
2025-07-21T21:39:13.911088+02:00,AAPL,212.68
2025-07-21T21:39:14.843267+02:00,GOOGL,190.2
2025-07-21T21:39:18.317083+02:00,GOOGL,190.22
2025-07-21T21:39:19.263199+02:00,AAPL,212.69
2025-07-21T21:39:20.210059+02:00,GOOGL,190.23
2025-07-21T21:39:21.157928+02:00,GOOGL,190.22
2025-07-21T21:39:23.994565+02:00,GOOGL,190.22
2025-07-21T21:39:24.941577+02:00,AAPL,212.7
2025-07-21T21:39:25.887435+02:00,GOOGL,190.18
2025-07-21T21:39:26.797741+02:00,TSLA,329.08
2025-07-21T21:39:27.69802+02:00,TSLA,329.08
2025-07-21T21:39:28.599841+02:00,TSLA,329.115
2025-07-21T21:39:30.399936+02:00,GOOGL,190.17
2025-07-21T21:39:31.30118+02:00,GOOGL,190.17
2025-07-21T21:39:34.001818+02:00,AAPL,212.68
2025-07-21T21:39:34.901758+02:00,TSLA,329.08
2025-07-21T21:39:35.802258+02:00,AAPL,212.67
2025-07-21T21:39:36.702494+02:00,AAPL,212.68
2025-07-21T21:39:37.604394+02:00,AAPL,212.68
2025-07-21T21:39:39.407456+02:00,GOOGL,190.185
2025-07-21T21:39:40.308096+02:00,GOOGL,190.185
2025-07-21T21:39:41.209346+02:00,GOOGL,190.19
2025-07-21T21:39:42.111503+02:00,AAPL,212.69
2025-07-21T21:39:43.04433+02:00,TSLA,329.05
2025-07-21T21:39:43.977367+02:00,GOOGL,190.21
2025-07-21T21:39:44.919446+02:00,GOOGL,190.2
2025-07-21T21:39:45.852345+02:00,TSLA,329.02
2025-07-21T21:39:46.78573+02:00,GOOGL,190.21
2025-07-21T21:39:47.717756+02:00,GOOGL,190.22
2025-07-21T21:39:48.65046+02:00,GOOGL,190.18
2025-07-21T21:39:53.379351+02:00,GOOGL,190.18
2025-07-21T21:39:55.35597+02:00,GOOGL,190.15
2025-07-21T21:40:00.30108+02:00,TSLA,329.04
2025-07-21T21:40:03.064369+02:00,TSLA,329.03
2025-07-21T21:40:03.964562+02:00,AAPL,212.68
2025-07-21T21:40:07.56687+02:00,AAPL,212.68
2025-07-21T21:40:08.466954+02:00,GOOGL,190.17
2025-07-21T21:40:09.367764+02:00,GOOGL,190.16
2025-07-21T21:40:10.269862+02:00,AAPL,212.67
2025-07-21T21:40:11.170824+02:00,TSLA,329.07
2025-07-21T21:40:12.071597+02:00,AAPL,212.67
2025-07-21T21:40:12.97195+02:00,GOOGL,190.21
2025-07-21T21:40:14.776692+02:00,TSLA,329.15
2025-07-21T21:40:15.678539+02:00,GOOGL,190.24
2025-07-21T21:40:16.582799+02:00,GOOGL,190.23
2025-07-21T21:40:17.48596+02:00,GOOGL,190.245
2025-07-21T21:40:18.397067+02:00,TSLA,329.075
2025-07-21T21:40:19.306268+02:00,GOOGL,190.24
2025-07-21T21:40:20.216472+02:00,AAPL,212.68
2025-07-21T21:40:21.125651+02:00,GOOGL,190.24
2025-07-21T21:40:24.767868+02:00,GOOGL,190.25
2025-07-21T21:40:28.411848+02:00,GOOGL,190.26
2025-07-21T21:40:29.382385+02:00,GOOGL,190.26
2025-07-21T21:40:30.355465+02:00,AAPL,212.69
2025-07-21T21:40:32.304335+02:00,AAPL,212.67
2025-07-21T21:40:33.274783+02:00,GOOGL,190.22
2025-07-21T21:40:34.245622+02:00,GOOGL,190.22
2025-07-21T21:40:35.216849+02:00,AAPL,212.67
2025-07-21T21:40:38.851546+02:00,GOOGL,190.215
2025-07-21T21:40:40.652037+02:00,AAPL,212.675
2025-07-21T21:40:42.453844+02:00,TSLA,329.1
2025-07-21T21:40:43.354394+02:00,TSLA,329.03
2025-07-21T21:40:44.255487+02:00,GOOGL,190.22
2025-07-21T21:40:45.15557+02:00,AAPL,212.67
2025-07-21T21:40:46.055917+02:00,AAPL,212.68
2025-07-21T21:40:47.856482+02:00,AAPL,212.69
2025-07-21T21:40:48.756838+02:00,GOOGL,190.28
2025-07-21T21:40:49.657346+02:00,GOOGL,190.27
2025-07-21T21:40:51.458255+02:00,GOOGL,190.26
2025-07-21T21:40:52.373146+02:00,GOOGL,190.25
2025-07-21T21:40:53.293565+02:00,GOOGL,190.25
2025-07-21T21:40:56.979942+02:00,GOOGL,190.24
2025-07-21T21:40:59.742155+02:00,GOOGL,190.22
2025-07-21T21:41:03.452117+02:00,GOOGL,190.22
2025-07-21T21:41:04.431562+02:00,GOOGL,190.23
2025-07-21T21:41:06.401954+02:00,TSLA,329.15
2025-07-21T21:41:07.383164+02:00,TSLA,329.16
2025-07-21T21:41:08.366837+02:00,GOOGL,190.225
2025-07-21T21:41:10.263098+02:00,GOOGL,190.215
2025-07-21T21:41:11.18888+02:00,GOOGL,190.2
2025-07-21T21:41:12.143946+02:00,GOOGL,190.16
2025-07-21T21:41:13.069223+02:00,AAPL,212.64
2025-07-21T21:41:13.993846+02:00,GOOGL,190.16
2025-07-21T21:41:14.919205+02:00,TSLA,329.08
2025-07-21T21:41:15.844612+02:00,GOOGL,190.13
2025-07-21T21:41:17.694257+02:00,GOOGL,190.15
2025-07-21T21:41:19.515353+02:00,AAPL,212.645
2025-07-21T21:41:20.415777+02:00,AAPL,212.65
2025-07-21T21:41:21.315916+02:00,TSLA,329.09
2025-07-21T21:41:23.147024+02:00,TSLA,329.14
2025-07-21T21:41:24.047879+02:00,GOOGL,190.19
2025-07-21T21:41:24.947756+02:00,TSLA,329.13
2025-07-21T21:41:25.848245+02:00,GOOGL,190.18
2025-07-21T21:41:26.75357+02:00,AAPL,212.65
2025-07-21T21:41:27.697588+02:00,GOOGL,190.18
2025-07-21T21:41:28.613855+02:00,AAPL,212.64
2025-07-21T21:41:30.445262+02:00,AAPL,212.64
2025-07-21T21:41:31.364153+02:00,AAPL,212.64
2025-07-21T21:41:33.196311+02:00,GOOGL,190.16
2025-07-21T21:41:37.589406+02:00,TSLA,329.1
2025-07-21T21:41:39.530859+02:00,AAPL,212.63
2025-07-21T21:41:40.495437+02:00,GOOGL,190.15
2025-07-21T21:41:42.433522+02:00,GOOGL,190.12
2025-07-21T21:41:43.394849+02:00,GOOGL,190.13
2025-07-21T21:41:44.329357+02:00,TSLA,329.05
2025-07-21T21:41:46.183175+02:00,TSLA,329.08
2025-07-21T21:41:47.107684+02:00,GOOGL,190.13
2025-07-21T21:41:50.842978+02:00,AAPL,212.62
2025-07-21T21:41:53.60256+02:00,AAPL,212.62
2025-07-21T21:41:54.502656+02:00,AAPL,212.62
2025-07-21T21:41:57.213052+02:00,TSLA,329.14
2025-07-21T21:41:58.114028+02:00,AAPL,212.62
2025-07-21T21:41:59.01382+02:00,AAPL,212.62
2025-07-21T21:41:59.914554+02:00,GOOGL,190.1
2025-07-21T21:42:00.815269+02:00,GOOGL,190.09
2025-07-21T21:42:02.659123+02:00,AAPL,212.61
2025-07-21T21:42:03.584569+02:00,GOOGL,190.11
2025-07-21T21:42:04.50931+02:00,TSLA,329.03
2025-07-21T21:42:05.435128+02:00,TSLA,328.98
2025-07-21T21:42:07.294704+02:00,AAPL,212.58
2025-07-21T21:42:08.22071+02:00,GOOGL,190.075
2025-07-21T21:42:09.150873+02:00,AAPL,212.58
2025-07-21T21:42:12.674655+02:00,GOOGL,190.07
2025-07-21T21:42:13.649368+02:00,GOOGL,190.095
2025-07-21T21:42:14.623509+02:00,GOOGL,190.08
2025-07-21T21:42:15.598245+02:00,TSLA,328.86
2025-07-21T21:42:16.553947+02:00,GOOGL,190.06
2025-07-21T21:42:17.48319+02:00,AAPL,212.56
2025-07-21T21:42:18.412071+02:00,GOOGL,190.07
2025-07-21T21:42:19.340954+02:00,AAPL,212.57
2025-07-21T21:42:21.152878+02:00,TSLA,328.67
2025-07-21T21:42:22.053545+02:00,AAPL,212.58
2025-07-21T21:42:23.862133+02:00,GOOGL,190.08
2025-07-21T21:42:24.76276+02:00,TSLA,328.59
2025-07-21T21:42:25.663091+02:00,GOOGL,190.1
2025-07-21T21:42:27.46376+02:00,TSLA,328.56
2025-07-21T21:42:28.363906+02:00,AAPL,212.57
2025-07-21T21:42:30.16909+02:00,GOOGL,190.11
2025-07-21T21:42:31.084676+02:00,TSLA,328.51
2025-07-21T21:42:31.995797+02:00,AAPL,212.54
2025-07-21T21:42:32.909713+02:00,GOOGL,190.11
2025-07-21T21:42:33.810051+02:00,GOOGL,190.1
2025-07-21T21:42:34.711639+02:00,AAPL,212.52
2025-07-21T21:42:35.611389+02:00,AAPL,212.54
2025-07-21T21:42:36.546598+02:00,TSLA,328.46
2025-07-21T21:42:37.485964+02:00,TSLA,328.46
2025-07-21T21:42:39.361173+02:00,GOOGL,190.11
2025-07-21T21:42:40.296051+02:00,TSLA,328.45
2025-07-21T21:42:41.230378+02:00,TSLA,328.49
2025-07-21T21:42:42.165244+02:00,TSLA,328.42
2025-07-21T21:42:43.100604+02:00,TSLA,328.53
2025-07-21T21:42:44.068738+02:00,GOOGL,190.145
2025-07-21T21:42:47.825795+02:00,TSLA,328.6
2025-07-21T21:42:48.833652+02:00,GOOGL,190.13
2025-07-21T21:42:49.845286+02:00,AAPL,212.51
2025-07-21T21:42:50.78113+02:00,AAPL,212.5
2025-07-21T21:42:51.710437+02:00,TSLA,328.75
2025-07-21T21:42:52.640775+02:00,GOOGL,190.14
2025-07-21T21:42:53.571579+02:00,TSLA,328.66
2025-07-21T21:42:54.493241+02:00,AAPL,212.48
2025-07-21T21:42:55.393716+02:00,GOOGL,190.14
2025-07-21T21:42:56.293785+02:00,GOOGL,190.15
2025-07-21T21:42:58.095181+02:00,TSLA,328.72
2025-07-21T21:42:58.99537+02:00,AAPL,212.48
2025-07-21T21:42:59.896101+02:00,GOOGL,190.16
2025-07-21T21:43:00.94328+02:00,AAPL,212.43
2025-07-21T21:43:01.988141+02:00,AAPL,212.4
2025-07-21T21:43:02.971051+02:00,AAPL,212.41
2025-07-21T21:43:03.872203+02:00,AAPL,212.425
2025-07-21T21:43:05.672888+02:00,AAPL,212.45
2025-07-21T21:43:07.473413+02:00,GOOGL,190.16
2025-07-21T21:43:08.378644+02:00,TSLA,328.56
2025-07-21T21:43:10.1796+02:00,AAPL,212.43
2025-07-21T21:43:12.037246+02:00,GOOGL,190.16
2025-07-21T21:43:12.966309+02:00,GOOGL,190.2
2025-07-21T21:43:13.897079+02:00,GOOGL,190.22
2025-07-21T21:43:14.825701+02:00,GOOGL,190.23
2025-07-21T21:43:15.757232+02:00,GOOGL,190.22
2025-07-21T21:43:16.686938+02:00,GOOGL,190.21
2025-07-21T21:43:17.617129+02:00,TSLA,328.73
2025-07-21T21:43:18.562464+02:00,GOOGL,190.21
2025-07-21T21:43:22.274474+02:00,TSLA,328.75
2025-07-21T21:43:23.28201+02:00,GOOGL,190.19
2025-07-21T21:43:24.295757+02:00,AAPL,212.45
2025-07-21T21:43:25.232529+02:00,GOOGL,190.19
2025-07-21T21:43:26.161782+02:00,GOOGL,190.18
2025-07-21T21:43:27.0905+02:00,AAPL,212.43
2025-07-21T21:43:29.858987+02:00,GOOGL,190.19
2025-07-21T21:43:30.759627+02:00,AAPL,212.43
2025-07-21T21:43:31.94781+02:00,GOOGL,190.2
2025-07-21T21:43:33.74857+02:00,AAPL,212.43
2025-07-21T21:43:34.648855+02:00,AAPL,212.43
2025-07-21T21:43:35.549745+02:00,TSLA,328.69
2025-07-21T21:43:36.450272+02:00,TSLA,328.68
2025-07-21T21:43:37.350873+02:00,GOOGL,190.205
2025-07-21T21:43:38.251553+02:00,AAPL,212.41
2025-07-21T21:43:39.152628+02:00,AAPL,212.4
2025-07-21T21:43:40.05311+02:00,AAPL,212.39
2025-07-21T21:43:40.954398+02:00,GOOGL,190.16
2025-07-21T21:43:42.760969+02:00,TSLA,328.75
2025-07-21T21:43:43.683098+02:00,TSLA,328.77
2025-07-21T21:43:44.581428+02:00,TSLA,328.75
2025-07-21T21:43:47.355587+02:00,GOOGL,190.16
2025-07-21T21:43:48.290529+02:00,TSLA,328.76
2025-07-21T21:43:51.08134+02:00,AAPL,212.35
2025-07-21T21:43:52.012169+02:00,GOOGL,190.14
2025-07-21T21:43:52.945278+02:00,AAPL,212.335
2025-07-21T21:43:53.938226+02:00,GOOGL,190.12
2025-07-21T21:43:57.674615+02:00,GOOGL,190.12
2025-07-21T21:43:59.689279+02:00,GOOGL,190.12
2025-07-21T21:44:00.618825+02:00,GOOGL,190.09
2025-07-21T21:44:01.557708+02:00,GOOGL,190.09
2025-07-21T21:44:02.477529+02:00,TSLA,328.79
2025-07-21T21:44:03.406663+02:00,GOOGL,190.11
2025-07-21T21:44:04.320945+02:00,GOOGL,190.1
2025-07-21T21:44:05.220781+02:00,AAPL,212.34
2025-07-21T21:44:06.124876+02:00,TSLA,328.81
2025-07-21T21:44:07.925929+02:00,GOOGL,190.08
2025-07-21T21:44:08.825865+02:00,TSLA,328.7
2025-07-21T21:44:09.733441+02:00,AAPL,212.325
2025-07-21T21:44:10.634145+02:00,GOOGL,190.09
2025-07-21T21:44:11.534617+02:00,GOOGL,190.11
2025-07-21T21:44:12.434924+02:00,AAPL,212.34
2025-07-21T21:44:13.341245+02:00,AAPL,212.34
2025-07-21T21:44:15.141587+02:00,GOOGL,190.07
2025-07-21T21:44:16.041705+02:00,GOOGL,190.09
2025-07-21T21:44:16.942768+02:00,GOOGL,190.1
2025-07-21T21:44:17.843216+02:00,GOOGL,190.1
2025-07-21T21:44:18.743519+02:00,GOOGL,190.04
2025-07-21T21:44:19.64394+02:00,GOOGL,190.1
2025-07-21T21:44:20.566274+02:00,GOOGL,190.145
2025-07-21T21:44:21.496049+02:00,GOOGL,190.14
2025-07-21T21:44:23.360722+02:00,GOOGL,190.12
2025-07-21T21:44:25.219209+02:00,TSLA,328.61
2025-07-21T21:44:28.019348+02:00,TSLA,328.615
2025-07-21T21:44:29.026354+02:00,GOOGL,190.08
2025-07-21T21:44:33.722455+02:00,GOOGL,190.1
2025-07-21T21:44:34.669348+02:00,GOOGL,190.1
2025-07-21T21:44:35.599042+02:00,TSLA,328.64
2025-07-21T21:44:36.531656+02:00,GOOGL,190.11
2025-07-21T21:44:38.38957+02:00,TSLA,328.62
2025-07-21T21:44:39.298066+02:00,GOOGL,190.1
2025-07-21T21:44:40.198677+02:00,TSLA,328.585
2025-07-21T21:44:41.100363+02:00,GOOGL,190.11
2025-07-21T21:44:41.999978+02:00,GOOGL,190.12
2025-07-21T21:44:42.90036+02:00,AAPL,212.34
2025-07-21T21:44:46.501366+02:00,TSLA,328.53
2025-07-21T21:44:47.401402+02:00,GOOGL,190.14
2025-07-21T21:44:48.302796+02:00,GOOGL,190.12
2025-07-21T21:44:49.203744+02:00,GOOGL,190.12
2025-07-21T21:44:50.103691+02:00,TSLA,328.515
2025-07-21T21:44:51.021663+02:00,AAPL,212.3
2025-07-21T21:44:52.822225+02:00,AAPL,212.3
2025-07-21T21:44:53.727616+02:00,AAPL,212.33
2025-07-21T21:44:54.629581+02:00,GOOGL,190.09
2025-07-21T21:44:55.560797+02:00,GOOGL,190.11
2025-07-21T21:44:56.495118+02:00,AAPL,212.36
2025-07-21T21:44:57.425747+02:00,AAPL,212.36
2025-07-21T21:44:58.356652+02:00,TSLA,328.62
2025-07-21T21:44:59.286458+02:00,GOOGL,190.13
2025-07-21T21:45:00.231458+02:00,TSLA,328.62
2025-07-21T21:45:01.161868+02:00,GOOGL,190.13
2025-07-21T21:45:02.139397+02:00,TSLA,328.56
2025-07-21T21:45:03.109189+02:00,TSLA,328.47
2025-07-21T21:45:04.115761+02:00,GOOGL,190.11
2025-07-21T21:45:07.840568+02:00,TSLA,328.56
2025-07-21T21:45:08.849753+02:00,AAPL,212.335
2025-07-21T21:45:09.823423+02:00,TSLA,328.54
2025-07-21T21:45:10.753885+02:00,AAPL,212.33
2025-07-21T21:45:11.720226+02:00,TSLA,328.46
2025-07-21T21:45:12.650471+02:00,GOOGL,190.1
2025-07-21T21:45:13.571735+02:00,TSLA,328.41
2025-07-21T21:45:14.47249+02:00,TSLA,328.44
2025-07-21T21:45:15.374347+02:00,GOOGL,190.09
2025-07-21T21:45:16.274674+02:00,TSLA,328.44
2025-07-21T21:45:17.176917+02:00,TSLA,328.48
2025-07-21T21:45:18.080296+02:00,GOOGL,190.09
2025-07-21T21:45:18.980443+02:00,TSLA,328.41
2025-07-21T21:45:19.882514+02:00,AAPL,212.31
2025-07-21T21:45:20.796088+02:00,TSLA,328.47
2025-07-21T21:45:21.698081+02:00,AAPL,212.31
2025-07-21T21:45:22.597658+02:00,TSLA,328.58
2025-07-21T21:45:23.496866+02:00,AAPL,212.33
2025-07-21T21:45:24.397439+02:00,GOOGL,190.11
2025-07-21T21:45:25.297317+02:00,GOOGL,190.14
2025-07-21T21:45:26.197472+02:00,TSLA,328.68
2025-07-21T21:45:29.814015+02:00,AAPL,212.34
2025-07-21T21:45:30.746192+02:00,GOOGL,190.16
2025-07-21T21:45:31.680104+02:00,TSLA,328.65
2025-07-21T21:45:32.609515+02:00,GOOGL,190.16
2025-07-21T21:45:34.470228+02:00,GOOGL,190.13
2025-07-21T21:45:35.400403+02:00,AAPL,212.33
2025-07-21T21:45:37.265838+02:00,AAPL,212.35
2025-07-21T21:45:41.939935+02:00,TSLA,328.69
2025-07-21T21:45:42.947005+02:00,AAPL,212.34
2025-07-21T21:45:44.133395+02:00,GOOGL,190.125
2025-07-21T21:45:45.197801+02:00,GOOGL,190.125
2025-07-21T21:45:46.127013+02:00,GOOGL,190.12
2025-07-21T21:45:47.056174+02:00,AAPL,212.31
2025-07-21T21:45:47.985076+02:00,TSLA,328.61
2025-07-21T21:45:48.886199+02:00,GOOGL,190.12
2025-07-21T21:45:49.787504+02:00,TSLA,328.6
2025-07-21T21:45:50.688056+02:00,TSLA,328.61
2025-07-21T21:45:51.589849+02:00,AAPL,212.3
2025-07-21T21:45:52.506099+02:00,TSLA,328.52
2025-07-21T21:45:53.406455+02:00,AAPL,212.28
2025-07-21T21:45:54.307434+02:00,GOOGL,190.15
2025-07-21T21:45:55.211948+02:00,TSLA,328.52
2025-07-21T21:45:57.02506+02:00,GOOGL,190.16
2025-07-21T21:45:59.753434+02:00,AAPL,212.31
2025-07-21T21:46:00.655384+02:00,GOOGL,190.14
2025-07-21T21:46:02.461585+02:00,GOOGL,190.17
2025-07-21T21:46:03.363306+02:00,AAPL,212.25
2025-07-21T21:46:04.291207+02:00,AAPL,212.25
2025-07-21T21:46:05.235233+02:00,TSLA,328.48
2025-07-21T21:46:06.165538+02:00,TSLA,328.53
2025-07-21T21:46:07.144014+02:00,AAPL,212.26
2025-07-21T21:46:08.073337+02:00,TSLA,328.65
2025-07-21T21:46:09.937374+02:00,AAPL,212.27
2025-07-21T21:46:10.863589+02:00,TSLA,328.635
2025-07-21T21:46:11.796301+02:00,AAPL,212.27
2025-07-21T21:46:12.783942+02:00,AAPL,212.28
2025-07-21T21:46:13.790024+02:00,AAPL,212.29
2025-07-21T21:46:17.583413+02:00,TSLA,328.76
2025-07-21T21:46:18.589969+02:00,TSLA,328.83
2025-07-21T21:46:20.55476+02:00,GOOGL,190.085
2025-07-21T21:46:21.486236+02:00,GOOGL,190.09
2025-07-21T21:46:22.415697+02:00,GOOGL,190.1
2025-07-21T21:46:24.236955+02:00,GOOGL,190.12
2025-07-21T21:46:26.949838+02:00,TSLA,328.88
2025-07-21T21:46:27.851797+02:00,TSLA,328.9
2025-07-21T21:46:30.556788+02:00,GOOGL,190.12
2025-07-21T21:46:31.458446+02:00,GOOGL,190.13
2025-07-21T21:46:33.263739+02:00,TSLA,328.82
2025-07-21T21:46:34.167164+02:00,AAPL,212.24
2025-07-21T21:46:35.100569+02:00,AAPL,212.23
2025-07-21T21:46:36.001852+02:00,TSLA,328.76
2025-07-21T21:46:36.904734+02:00,TSLA,328.73
2025-07-21T21:46:37.807723+02:00,GOOGL,190.08
2025-07-21T21:46:39.720443+02:00,AAPL,212.22
2025-07-21T21:46:41.57424+02:00,AAPL,212.24
2025-07-21T21:46:42.501044+02:00,GOOGL,190.09
2025-07-21T21:46:44.354903+02:00,GOOGL,190.09
2025-07-21T21:46:45.280449+02:00,GOOGL,190.09
2025-07-21T21:46:46.227275+02:00,AAPL,212.22
2025-07-21T21:46:47.188648+02:00,AAPL,212.22
2025-07-21T21:46:48.194823+02:00,TSLA,328.69
2025-07-21T21:46:54.825849+02:00,GOOGL,190.1
2025-07-21T21:46:55.781811+02:00,AAPL,212.24
2025-07-21T21:46:56.71643+02:00,GOOGL,190.1
2025-07-21T21:46:57.636984+02:00,GOOGL,190.11
2025-07-21T21:47:00.337533+02:00,TSLA,328.64
2025-07-21T21:47:01.238819+02:00,TSLA,328.65
2025-07-21T21:47:02.139294+02:00,GOOGL,190.11
2025-07-21T21:47:03.039215+02:00,GOOGL,190.13
2025-07-21T21:47:03.939952+02:00,GOOGL,190.13
2025-07-21T21:47:04.869984+02:00,GOOGL,190.11
2025-07-21T21:47:05.770878+02:00,GOOGL,190.11
2025-07-21T21:47:06.674402+02:00,GOOGL,190.12
2025-07-21T21:47:07.570841+02:00,GOOGL,190.06
2025-07-21T21:47:08.471733+02:00,GOOGL,190.075
2025-07-21T21:47:10.272185+02:00,TSLA,328.6
2025-07-21T21:47:11.173696+02:00,GOOGL,190.08
2025-07-21T21:47:12.073052+02:00,AAPL,212.21
2025-07-21T21:47:12.973248+02:00,TSLA,328.715
2025-07-21T21:47:13.885686+02:00,TSLA,328.82
2025-07-21T21:47:14.809052+02:00,TSLA,328.82
2025-07-21T21:47:15.733377+02:00,TSLA,328.81
2025-07-21T21:47:16.657269+02:00,GOOGL,190.09
2025-07-21T21:47:17.580314+02:00,TSLA,328.79
2025-07-21T21:47:18.530965+02:00,TSLA,328.7
2025-07-21T21:47:19.455994+02:00,GOOGL,190.12
2025-07-21T21:47:22.300351+02:00,GOOGL,190.14
2025-07-21T21:47:23.414753+02:00,GOOGL,190.14
2025-07-21T21:47:27.002855+02:00,AAPL,212.19
2025-07-21T21:47:29.016077+02:00,GOOGL,190.13
2025-07-21T21:47:30.022753+02:00,GOOGL,190.12
2025-07-21T21:47:30.998221+02:00,AAPL,212.19
2025-07-21T21:47:31.926814+02:00,AAPL,212.21
2025-07-21T21:47:32.829805+02:00,AAPL,212.22
2025-07-21T21:47:33.73187+02:00,AAPL,212.22
2025-07-21T21:47:35.534112+02:00,AAPL,212.2
2025-07-21T21:47:36.434254+02:00,GOOGL,190.1
2025-07-21T21:47:37.335109+02:00,GOOGL,190.12
2025-07-21T21:47:39.136926+02:00,TSLA,328.75
2025-07-21T21:47:40.037059+02:00,GOOGL,190.09
2025-07-21T21:47:40.937129+02:00,AAPL,212.16
2025-07-21T21:47:41.837219+02:00,AAPL,212.15
2025-07-21T21:47:42.736915+02:00,AAPL,212.16
2025-07-21T21:47:43.64775+02:00,GOOGL,190.1
2025-07-21T21:47:44.54836+02:00,AAPL,212.16
2025-07-21T21:47:45.454242+02:00,TSLA,328.61
2025-07-21T21:47:46.354093+02:00,TSLA,328.62
2025-07-21T21:47:47.255107+02:00,TSLA,328.59
2025-07-21T21:47:48.15745+02:00,GOOGL,190.12
2025-07-21T21:47:49.071485+02:00,TSLA,328.59
2025-07-21T21:47:49.985109+02:00,AAPL,212.18
2025-07-21T21:47:51.838954+02:00,AAPL,212.18
2025-07-21T21:47:52.753531+02:00,AAPL,212.19
2025-07-21T21:47:55.494915+02:00,GOOGL,190.14
2025-07-21T21:47:57.455864+02:00,TSLA,328.64
2025-07-21T21:47:58.462708+02:00,AAPL,212.19
2025-07-21T21:48:02.076437+02:00,GOOGL,190.14
2025-07-21T21:48:04.096855+02:00,AAPL,212.17
2025-07-21T21:48:05.102521+02:00,TSLA,328.53
2025-07-21T21:48:06.098942+02:00,AAPL,212.14
2025-07-21T21:48:07.028673+02:00,AAPL,212.14
2025-07-21T21:48:07.956515+02:00,TSLA,328.53
2025-07-21T21:48:08.884885+02:00,TSLA,328.48
2025-07-21T21:48:09.81311+02:00,GOOGL,190.09
2025-07-21T21:48:10.744136+02:00,AAPL,212.145
2025-07-21T21:48:11.671045+02:00,TSLA,328.52
2025-07-21T21:48:12.611109+02:00,GOOGL,190.09
2025-07-21T21:48:13.540423+02:00,AAPL,212.17
2025-07-21T21:48:14.467845+02:00,AAPL,212.175
2025-07-21T21:48:15.397112+02:00,TSLA,328.44
2025-07-21T21:48:16.32838+02:00,TSLA,328.41
2025-07-21T21:48:17.258326+02:00,TSLA,328.4
2025-07-21T21:48:18.188468+02:00,TSLA,328.42
2025-07-21T21:48:19.117961+02:00,TSLA,328.42
2025-07-21T21:48:20.979901+02:00,GOOGL,190.09
2025-07-21T21:48:21.90795+02:00,TSLA,328.41
2025-07-21T21:48:22.839086+02:00,TSLA,328.43
2025-07-21T21:48:24.707569+02:00,TSLA,328.43
2025-07-21T21:48:25.641998+02:00,TSLA,328.35
2025-07-21T21:48:26.720775+02:00,AAPL,212.21
2025-07-21T21:48:27.655209+02:00,GOOGL,190.08
2025-07-21T21:48:28.589776+02:00,AAPL,212.19
2025-07-21T21:48:29.524259+02:00,AAPL,212.18
2025-07-21T21:48:30.459714+02:00,TSLA,328.34
2025-07-21T21:48:31.396965+02:00,GOOGL,190.12
2025-07-21T21:48:32.336398+02:00,AAPL,212.19
2025-07-21T21:48:33.274866+02:00,GOOGL,190.11
2025-07-21T21:48:37.163808+02:00,TSLA,328.38
2025-07-21T21:48:38.221749+02:00,AAPL,212.18
2025-07-21T21:48:39.158839+02:00,GOOGL,190.13
2025-07-21T21:48:40.097542+02:00,AAPL,212.19
2025-07-21T21:48:41.022354+02:00,AAPL,212.21
2025-07-21T21:48:41.922415+02:00,AAPL,212.22
2025-07-21T21:48:42.822749+02:00,GOOGL,190.14
2025-07-21T21:48:44.622864+02:00,GOOGL,190.14
2025-07-21T21:48:44.623388+02:00,AAPL,212.21
2025-07-21T21:48:45.523064+02:00,AAPL,212.21
2025-07-21T21:48:48.224575+02:00,GOOGL,190.1
2025-07-21T21:48:49.125937+02:00,GOOGL,190.1
2025-07-21T21:48:50.02588+02:00,TSLA,328.59
2025-07-21T21:48:50.955674+02:00,GOOGL,190.11
2025-07-21T21:48:51.856548+02:00,GOOGL,190.11
2025-07-21T21:48:52.772713+02:00,TSLA,328.55
2025-07-21T21:48:53.678787+02:00,TSLA,328.59
2025-07-21T21:48:54.579073+02:00,AAPL,212.185
2025-07-21T21:48:55.479451+02:00,AAPL,212.185
2025-07-21T21:48:56.379515+02:00,TSLA,328.67
2025-07-21T21:48:57.291873+02:00,AAPL,212.19
2025-07-21T21:48:58.212828+02:00,GOOGL,190.08
2025-07-21T21:48:59.132481+02:00,TSLA,328.7
2025-07-21T21:49:00.053089+02:00,TSLA,328.8
2025-07-21T21:49:01.89373+02:00,GOOGL,190.09
2025-07-21T21:49:02.813934+02:00,TSLA,328.84
2025-07-21T21:49:04.660273+02:00,GOOGL,190.11
2025-07-21T21:49:05.594497+02:00,TSLA,328.78
2025-07-21T21:49:06.533346+02:00,GOOGL,190.13
2025-07-21T21:49:07.468786+02:00,GOOGL,190.14
2025-07-21T21:49:11.436235+02:00,AAPL,212.175
2025-07-21T21:49:12.374999+02:00,TSLA,328.86
2025-07-21T21:49:14.246447+02:00,TSLA,328.88
2025-07-21T21:49:16.114897+02:00,GOOGL,190.12
2025-07-21T21:49:17.044291+02:00,TSLA,328.81
2025-07-21T21:49:17.973595+02:00,AAPL,212.18
2025-07-21T21:49:18.903132+02:00,GOOGL,190.11
2025-07-21T21:49:20.762599+02:00,AAPL,212.18
2025-07-21T21:49:20.763125+02:00,AAPL,212.21
2025-07-21T21:49:21.691702+02:00,AAPL,212.21
2025-07-21T21:49:22.620997+02:00,AAPL,212.21
2025-07-21T21:49:24.478948+02:00,GOOGL,190.085
2025-07-21T21:49:25.405233+02:00,AAPL,212.2
2025-07-21T21:49:26.33616+02:00,AAPL,212.21
2025-07-21T21:49:28.189721+02:00,AAPL,212.21
2025-07-21T21:49:30.970848+02:00,TSLA,328.83
2025-07-21T21:49:31.896609+02:00,AAPL,212.2
2025-07-21T21:49:33.748191+02:00,GOOGL,190.1
2025-07-21T21:49:34.672465+02:00,AAPL,212.22
2025-07-21T21:49:35.597093+02:00,AAPL,212.22
2025-07-21T21:49:36.521873+02:00,GOOGL,190.14
2025-07-21T21:49:37.445848+02:00,GOOGL,190.17
2025-07-21T21:49:38.370521+02:00,AAPL,212.2
2025-07-21T21:49:39.294314+02:00,AAPL,212.19
2025-07-21T21:49:40.22148+02:00,AAPL,212.18
2025-07-21T21:49:41.150471+02:00,AAPL,212.19
2025-07-21T21:49:42.079524+02:00,TSLA,328.92
2025-07-21T21:49:43.00916+02:00,GOOGL,190.14
2025-07-21T21:49:46.44736+02:00,TSLA,328.92
2025-07-21T21:49:47.375802+02:00,TSLA,328.93
2025-07-21T21:49:48.313309+02:00,TSLA,328.97
2025-07-21T21:49:49.242491+02:00,GOOGL,190.15
2025-07-21T21:49:50.171366+02:00,GOOGL,190.155
2025-07-21T21:49:51.099047+02:00,GOOGL,190.18
2025-07-21T21:49:52.02658+02:00,AAPL,212.21
2025-07-21T21:49:52.954344+02:00,AAPL,212.2
2025-07-21T21:49:53.882171+02:00,AAPL,212.2
2025-07-21T21:49:54.809819+02:00,GOOGL,190.18
2025-07-21T21:49:55.746417+02:00,AAPL,212.17
2025-07-21T21:49:57.615314+02:00,GOOGL,190.16
2025-07-21T21:49:59.46838+02:00,AAPL,212.18
2025-07-21T21:49:59.468804+02:00,GOOGL,190.14
2025-07-21T21:50:00.38592+02:00,GOOGL,190.1
2025-07-21T21:50:01.315183+02:00,TSLA,328.86
2025-07-21T21:50:02.233287+02:00,GOOGL,190.15
2025-07-21T21:50:03.170724+02:00,GOOGL,190.11
2025-07-21T21:50:04.090385+02:00,GOOGL,190.11
2025-07-21T21:50:05.021775+02:00,AAPL,212.17
2025-07-21T21:50:05.941788+02:00,TSLA,329.1
2025-07-21T21:50:06.880038+02:00,GOOGL,190.15
2025-07-21T21:50:07.804867+02:00,TSLA,329.03
2025-07-21T21:50:08.760573+02:00,AAPL,212.17
2025-07-21T21:50:09.687537+02:00,AAPL,212.22
2025-07-21T21:50:10.624291+02:00,GOOGL,190.15
2025-07-21T21:50:11.646217+02:00,TSLA,329.215
2025-07-21T21:50:12.568747+02:00,GOOGL,190.21
2025-07-21T21:50:13.496758+02:00,TSLA,329.13
2025-07-21T21:50:14.423067+02:00,TSLA,329.18
2025-07-21T21:50:15.352716+02:00,AAPL,212.25
2025-07-21T21:50:16.281142+02:00,TSLA,329.25
2025-07-21T21:50:17.2116+02:00,TSLA,329.28
2025-07-21T21:50:20.800202+02:00,AAPL,212.26
2025-07-21T21:50:21.734341+02:00,TSLA,329.17
2025-07-21T21:50:22.678537+02:00,GOOGL,190.1
2025-07-21T21:50:23.608029+02:00,AAPL,212.23
2025-07-21T21:50:24.537814+02:00,GOOGL,190.15
2025-07-21T21:50:25.467281+02:00,AAPL,212.26
2025-07-21T21:50:26.410924+02:00,AAPL,212.26
2025-07-21T21:50:28.267965+02:00,TSLA,329.04
2025-07-21T21:50:29.197777+02:00,AAPL,212.27
2025-07-21T21:50:30.126834+02:00,TSLA,329.1
2025-07-21T21:50:31.083296+02:00,TSLA,329.07
2025-07-21T21:50:32.014992+02:00,AAPL,212.29
2025-07-21T21:50:33.864025+02:00,GOOGL,190.08
2025-07-21T21:50:34.783651+02:00,AAPL,212.33
2025-07-21T21:50:35.703692+02:00,GOOGL,190.06
2025-07-21T21:50:38.467423+02:00,GOOGL,190.05
2025-07-21T21:50:39.387116+02:00,TSLA,329.09
2025-07-21T21:50:40.307434+02:00,AAPL,212.3
2025-07-21T21:50:42.14977+02:00,TSLA,329.06
2025-07-21T21:50:43.0871+02:00,AAPL,212.3
2025-07-21T21:50:44.017035+02:00,GOOGL,190.06
2025-07-21T21:50:44.940733+02:00,GOOGL,190.03
2025-07-21T21:50:45.863687+02:00,AAPL,212.32
2025-07-21T21:50:46.786438+02:00,GOOGL,190.06
2025-07-21T21:50:47.709118+02:00,AAPL,212.34
2025-07-21T21:50:48.63159+02:00,GOOGL,190.12
2025-07-21T21:50:49.557999+02:00,TSLA,329.11
2025-07-21T21:50:50.487695+02:00,TSLA,329.125
2025-07-21T21:50:52.345844+02:00,GOOGL,190.08
2025-07-21T21:50:55.900903+02:00,AAPL,212.33
2025-07-21T21:50:56.832205+02:00,AAPL,212.335
2025-07-21T21:50:57.760967+02:00,TSLA,329.02
2025-07-21T21:50:59.619434+02:00,GOOGL,190.12
2025-07-21T21:51:00.564775+02:00,AAPL,212.35
2025-07-21T21:51:01.506267+02:00,GOOGL,190.19
2025-07-21T21:51:02.440081+02:00,GOOGL,190.19
2025-07-21T21:51:03.370445+02:00,AAPL,212.36
2025-07-21T21:51:04.298661+02:00,GOOGL,190.17
2025-07-21T21:51:05.247488+02:00,TSLA,329.0
2025-07-21T21:51:07.11337+02:00,AAPL,212.4
2025-07-21T21:51:08.037995+02:00,AAPL,212.41
2025-07-21T21:51:08.963043+02:00,GOOGL,190.17
2025-07-21T21:51:09.882325+02:00,AAPL,212.41
2025-07-21T21:51:10.800777+02:00,AAPL,212.38
2025-07-21T21:51:11.720052+02:00,GOOGL,190.16
2025-07-21T21:51:12.640214+02:00,GOOGL,190.16
2025-07-21T21:51:13.559675+02:00,AAPL,212.38
2025-07-21T21:51:14.479724+02:00,GOOGL,190.16
2025-07-21T21:51:15.398734+02:00,AAPL,212.38
2025-07-21T21:51:16.319437+02:00,TSLA,328.98
2025-07-21T21:51:17.262571+02:00,GOOGL,190.15
2025-07-21T21:51:18.189048+02:00,TSLA,329.02
2025-07-21T21:51:19.125871+02:00,TSLA,329.01
2025-07-21T21:51:20.050199+02:00,AAPL,212.45
2025-07-21T21:51:21.126628+02:00,GOOGL,190.17
2025-07-21T21:51:22.051365+02:00,TSLA,329.11
2025-07-21T21:51:22.992017+02:00,AAPL,212.46
2025-07-21T21:51:23.946151+02:00,TSLA,329.18
2025-07-21T21:51:24.875467+02:00,TSLA,329.18
2025-07-21T21:51:25.804752+02:00,AAPL,212.45
2025-07-21T21:51:27.662627+02:00,TSLA,329.15
2025-07-21T21:51:31.229796+02:00,GOOGL,190.18
2025-07-21T21:51:32.158216+02:00,GOOGL,190.19
2025-07-21T21:51:33.088441+02:00,GOOGL,190.21
2025-07-21T21:51:34.018336+02:00,AAPL,212.4
2025-07-21T21:51:34.94636+02:00,AAPL,212.4
2025-07-21T21:51:35.882591+02:00,GOOGL,190.205
2025-07-21T21:51:37.752662+02:00,TSLA,328.94
2025-07-21T21:51:38.680983+02:00,AAPL,212.41
2025-07-21T21:51:39.608921+02:00,GOOGL,190.21
2025-07-21T21:51:40.536923+02:00,AAPL,212.415
2025-07-21T21:51:41.465697+02:00,GOOGL,190.22
2025-07-21T21:51:42.392718+02:00,AAPL,212.44
2025-07-21T21:51:43.32126+02:00,TSLA,328.99
2025-07-21T21:51:44.2399+02:00,TSLA,328.995
2025-07-21T21:51:45.159436+02:00,GOOGL,190.23
2025-07-21T21:51:46.083359+02:00,GOOGL,190.225
2025-07-21T21:51:47.007135+02:00,GOOGL,190.225
2025-07-21T21:51:47.92588+02:00,AAPL,212.42
2025-07-21T21:51:48.844304+02:00,GOOGL,190.21
2025-07-21T21:51:49.763577+02:00,GOOGL,190.2
2025-07-21T21:51:50.684556+02:00,TSLA,328.91
2025-07-21T21:51:51.607347+02:00,TSLA,328.85
2025-07-21T21:51:52.530702+02:00,TSLA,328.89
2025-07-21T21:51:53.453849+02:00,GOOGL,190.18
2025-07-21T21:51:54.376808+02:00,GOOGL,190.18
2025-07-21T21:51:55.30013+02:00,AAPL,212.36
2025-07-21T21:51:56.223722+02:00,TSLA,329.04
2025-07-21T21:51:57.15188+02:00,GOOGL,190.18
2025-07-21T21:51:58.077104+02:00,AAPL,212.35
2025-07-21T21:51:59.019447+02:00,AAPL,212.36
2025-07-21T21:51:59.948499+02:00,TSLA,329.04
2025-07-21T21:52:00.877737+02:00,TSLA,329.05
2025-07-21T21:52:01.807014+02:00,GOOGL,190.12
2025-07-21T21:52:06.299295+02:00,AAPL,212.36
2025-07-21T21:52:07.228736+02:00,AAPL,212.4
2025-07-21T21:52:08.16017+02:00,GOOGL,190.14
2025-07-21T21:52:09.09065+02:00,AAPL,212.38
2025-07-21T21:52:10.017994+02:00,GOOGL,190.12
2025-07-21T21:52:10.951055+02:00,TSLA,328.93
2025-07-21T21:52:11.878819+02:00,AAPL,212.35
2025-07-21T21:52:12.807087+02:00,GOOGL,190.115
2025-07-21T21:52:13.735064+02:00,AAPL,212.35
2025-07-21T21:52:14.663047+02:00,AAPL,212.36
2025-07-21T21:52:15.591045+02:00,TSLA,328.88
2025-07-21T21:52:16.518768+02:00,TSLA,328.91
2025-07-21T21:52:17.442406+02:00,TSLA,328.91
2025-07-21T21:52:18.361819+02:00,AAPL,212.4
2025-07-21T21:52:19.30606+02:00,GOOGL,190.14
2025-07-21T21:52:20.225066+02:00,TSLA,328.94
2025-07-21T21:52:22.062139+02:00,GOOGL,190.135
2025-07-21T21:52:23.901855+02:00,GOOGL,190.13
2025-07-21T21:52:24.820884+02:00,GOOGL,190.14
2025-07-21T21:52:26.666192+02:00,GOOGL,190.14
2025-07-21T21:52:27.589612+02:00,AAPL,212.37
2025-07-21T21:52:28.512348+02:00,TSLA,328.89
2025-07-21T21:52:29.436093+02:00,TSLA,328.85
2025-07-21T21:52:30.358739+02:00,GOOGL,190.14
2025-07-21T21:52:31.283399+02:00,AAPL,212.36
2025-07-21T21:52:32.204851+02:00,AAPL,212.38
2025-07-21T21:52:33.146966+02:00,TSLA,328.82
2025-07-21T21:52:34.078393+02:00,AAPL,212.37
2025-07-21T21:52:35.942092+02:00,TSLA,328.68
2025-07-21T21:52:36.871382+02:00,GOOGL,190.15
2025-07-21T21:52:40.4409+02:00,GOOGL,190.15
2025-07-21T21:52:41.370123+02:00,TSLA,328.625
2025-07-21T21:52:42.298575+02:00,AAPL,212.35
2025-07-21T21:52:43.228091+02:00,TSLA,328.61
2025-07-21T21:52:44.156556+02:00,TSLA,328.52
2025-07-21T21:52:45.084436+02:00,TSLA,328.53
2025-07-21T21:52:46.013934+02:00,AAPL,212.33
2025-07-21T21:52:46.946333+02:00,AAPL,212.32
2025-07-21T21:52:47.873777+02:00,GOOGL,190.11
2025-07-21T21:52:48.80141+02:00,TSLA,328.53
2025-07-21T21:52:49.728839+02:00,GOOGL,190.12
2025-07-21T21:52:50.656662+02:00,TSLA,328.54
2025-07-21T21:52:52.503749+02:00,GOOGL,190.13
2025-07-21T21:52:53.422352+02:00,AAPL,212.31
2025-07-21T21:52:54.341429+02:00,AAPL,212.3
2025-07-21T21:52:55.26041+02:00,AAPL,212.29
2025-07-21T21:52:56.178824+02:00,TSLA,328.53
2025-07-21T21:52:57.098294+02:00,AAPL,212.29
2025-07-21T21:52:58.017439+02:00,TSLA,328.59
2025-07-21T21:52:58.936427+02:00,TSLA,328.6
2025-07-21T21:52:59.860996+02:00,AAPL,212.3
2025-07-21T21:53:00.783647+02:00,GOOGL,190.17
2025-07-21T21:53:01.706653+02:00,TSLA,328.67
2025-07-21T21:53:02.651415+02:00,GOOGL,190.16
2025-07-21T21:53:03.574664+02:00,AAPL,212.3
2025-07-21T21:53:05.421855+02:00,AAPL,212.31
2025-07-21T21:53:06.345372+02:00,TSLA,328.7
2025-07-21T21:53:07.267774+02:00,TSLA,328.64
2025-07-21T21:53:08.193919+02:00,TSLA,328.71
2025-07-21T21:53:09.122248+02:00,TSLA,328.71
2025-07-21T21:53:10.050856+02:00,GOOGL,190.16
2025-07-21T21:53:10.979951+02:00,GOOGL,190.17
2025-07-21T21:53:16.406261+02:00,GOOGL,190.18
2025-07-21T21:53:17.334586+02:00,TSLA,328.68
2025-07-21T21:53:18.263452+02:00,GOOGL,190.2
2025-07-21T21:53:19.191474+02:00,GOOGL,190.19
2025-07-21T21:53:20.118912+02:00,AAPL,212.35
2025-07-21T21:53:21.046398+02:00,GOOGL,190.19
2025-07-21T21:53:21.975446+02:00,TSLA,328.62
2025-07-21T21:53:22.902294+02:00,GOOGL,190.14
2025-07-21T21:53:23.830517+02:00,TSLA,328.63
2025-07-21T21:53:25.746445+02:00,TSLA,328.65
2025-07-21T21:53:26.670635+02:00,AAPL,212.37
2025-07-21T21:53:27.589367+02:00,GOOGL,190.155
2025-07-21T21:53:28.508108+02:00,TSLA,328.64
2025-07-21T21:53:29.427757+02:00,AAPL,212.38
2025-07-21T21:53:30.348085+02:00,AAPL,212.37
2025-07-21T21:53:32.185175+02:00,AAPL,212.39
2025-07-21T21:53:33.140271+02:00,GOOGL,190.12
2025-07-21T21:53:34.981836+02:00,AAPL,212.39
2025-07-21T21:53:36.829007+02:00,AAPL,212.38
2025-07-21T21:53:38.678373+02:00,GOOGL,190.12
2025-07-21T21:53:39.659233+02:00,GOOGL,190.09
2025-07-21T21:53:39.659735+02:00,GOOGL,190.12
2025-07-21T21:53:41.519179+02:00,TSLA,328.69
2025-07-21T21:53:42.441143+02:00,AAPL,212.34
2025-07-21T21:53:43.369305+02:00,TSLA,328.69
2025-07-21T21:53:45.24738+02:00,AAPL,212.35
2025-07-21T21:53:46.176274+02:00,GOOGL,190.11
2025-07-21T21:53:50.675472+02:00,GOOGL,190.12
2025-07-21T21:53:51.60395+02:00,TSLA,328.625
2025-07-21T21:53:52.532839+02:00,GOOGL,190.12
2025-07-21T21:53:54.387278+02:00,TSLA,328.625
2025-07-21T21:53:55.314117+02:00,AAPL,212.35
2025-07-21T21:53:57.167722+02:00,AAPL,212.34
2025-07-21T21:53:58.095064+02:00,TSLA,328.6
2025-07-21T21:53:59.023161+02:00,TSLA,328.575
